Colaborador;Valor_a_pagar
Anderson;207.0
Bruna;324.0
Carolina;1176.0
Consuelo;1176.0
Edgar;2333.333333333334
Edna;924.0
Fabiana;180.0
Fernando;348.0
Francisco;1050.0
Humberto;189.0
Ian;348.0
Igor;1260.0000000000002
Isabela;207.0
João;360.0
Josias;560.0
Lenine;1750.0000000000002
Margarida;180.0
Maria;2100.0
Pamela;924.0
Paula;3150.0000000000005
Rafaela;672.0000000000001
